Name,job-xml,Status,Result
PS.pdf,ps.xml,Passed,"

Publishing Applitools results: 

Existing test [ steps: 1, test name: Page-1, matches: 1, mismatches:0, missing: 0] , URL: https://eyes.applitools.com/app/batches/00000251754744364820/00000251754744364711?accountId=FBrttI4u_k2LBHPkAN8U3Q~~

Publishing Content results: 

"
CSR.pdf,csr.xml,Failed,"

Publishing Applitools results: 

Existing test [ steps: 1, test name: Page-1, matches: 0, mismatches:1, missing: 0] , URL: https://eyes.applitools.com/app/batches/00000251754744342569/00000251754744342459?accountId=FBrttI4u_k2LBHPkAN8U3Q~~

Publishing Content results: 

Assert: Alignment Assessment Summary at position (72,150,243,25) on page 1 - Passed

Assert: ABC Corporation at position (72,120,243,25) on page 1 - Passed

"
